,Unnamed: 0,full_name,first_name,last_name,middle_initial,act_id
0,0.0,abbot s. charles,charles,abbot,s,7DwKUTqyXkdf
1,1.0,regni f john,john,regni,f,6WWtgKHyyS5y
2,2.0,weisman s. david,david,weisman,s,4RVUcZ9d3GjK
3,3.0,jacoby e. lowell,lowell,jacoby,e,6qozyKv9J9kp
4,4.0,kellogg k. joseph,joseph,kellogg,k,KacrbaUC4W49
5,5.0,beckel d robert,robert,beckel,d,8MtnmVgfhxAf
6,6.0,timmons f. richard,richard,timmons,f,77K6W52PCJj4
7,7.0,kern j. paul,paul,kern,j,3evQVgj8MpEV
8,8.0,malley c. kenneth,kenneth,malley,c,7LR3XaSKNszX
9,9.0,hosmer c. bradley,bradley,hosmer,c,6aKo9j6pR5TC
10,10.0,vaughn a. clyde,clyde,vaughn,a,8DmxTHZ29duA
11,11.0,smith p. edwin,edwin,smith,p,83fHwGUGPa7e
12,12.0,stackpole henry,henry,stackpole,,3VXdtqQTBEPx
13,13.0,leland s. edwin,edwin,leland,s,3Xe6ngaf73KB
14,14.0,mcilvoy w david,david,mcilvoy,w,47YhTM6d5Srs
15,15.0,king c. james,james,king,c,3FbX3ZCtWf7W
16,16.0,wilson r. thomas,thomas,wilson,r,3cVa49yA2rJk
17,17.0,schoomaker j. peter,peter,schoomaker,j,3M5TtsL6CLL3
18,18.0,smith w. leighton,leighton,smith,w,ZTDSdVHkLmao
19,19.0,sanchez s. ricardo,ricardo,sanchez,s,V23mvp7V6BsG
20,20.0,pitman charles,charles,pitman,,LJgRCeK2HoGo
21,21.0,nowak m. john,john,nowak,m,5cQ7LEqTPaMQ
22,22.0,cromer l donald,donald,cromer,l,cbzsoquCAaGH
23,23.0,zlatoper j. ronald,ronald,zlatoper,j,4oYQ3FeoZK5w
24,24.0,wakefield n. samuel,samuel,wakefield,n,6kQbRQTvt4VF
25,25.0,clark e. vernon,vernon,clark,e,5Ti6FQs7beBe
26,26.0,rhodes john,john,rhodes,,3WbCAyXdWwPU
27,27.0,mccaffrey r. barry,barry,mccaffrey,r,6VfjTenPKT3v
28,28.0,soriano edward,edward,soriano,,3ZuWBYxAXjKR
29,29.0,jordan larry,larry,jordan,,4VECW5YGYfSq
30,30.0,jones w. donald,donald,jones,w,65eoFw55YNPH
31,31.0,mcginn v. dennis,dennis,mcginn,v,6bhgMSDSx7kT
32,32.0,sullivan j kevin,kevin,sullivan,j,5M2eEn7uTWuT
33,33.0,miller david paul,paul,miller,david,qnp7ZnLPmBBR
34,34.0,tiebout robert,robert,tiebout,,6qwGsxTj2Pdy
35,35.0,neal i. richard,richard,neal,i,6NchgP4qWDvF
36,36.0,whiddon r. orren,orren,whiddon,r,3TVjyqyCtyKn
37,37.0,plummer b stephen,stephen,plummer,b,3shJ4mjgh2by
38,38.0,salomon e. leon,leon,salomon,e,3w7Kc9Rc98wc
39,39.0,vesely l david,david,vesely,l,7obuWenkAaua
40,40.0,owens a. william,william,owens,a,54VG3Znyp5Bo
41,41.0,kihune k. u. robert,robert,kihune,k. u,4Gbxf6o3EKnw
42,42.0,munns l. charles,charles,munns,l,65xzvcSf6B5n
43,43.0,wykle r. kenneth,kenneth,wykle,r,7VXJsQnmLo2Z
44,44.0,armstrong m spence,spence,armstrong,m,5jf92ms9wK35
45,45.0,luck e. gary,gary,luck,e,4jGaSy6ZWec3
46,46.0,oliver t. daniel,daniel,oliver,t,7Ha6ZvEo3bie
47,47.0,wood g stephen,stephen,wood,g,BJ6JwNY8Ew4t
48,48.0,"morgan, jr g. john",john,"morgan, jr",g,57vt5gqS7NwL
49,49.0,wright w. timothy,timothy,wright,w,4KrGgcCeeEW7
50,50.0,thompson g. roger,roger,thompson,g,7woHk53tUtdS
51,51.0,ohle h. david,david,ohle,h,5zU63kZWQMmU
52,52.0,shoffner a. wilson,wilson,shoffner,a,3PucgUDnSByj
53,53.0,kramek e. robert,robert,kramek,e,5gNSz76bzmzc
54,54.0,kadish t ronald,ronald,kadish,t,4JpePkpc75AV
55,55.0,solomon k. billy,billy,solomon,k,5pcLb7rsBeW2
56,56.0,zanini r. daniel,daniel,zanini,r,6AYZa8fdXsmY
57,57.0,pickler m. john,john,pickler,m,42zU7i9iEyW3
58,58.0,house w. randolph,randolph,house,w,5iSF94tY8ZQJ
59,59.0,link m. james,james,link,m,4b9Cz8xPiy55
60,60.0,koenig m. harold,harold,koenig,m,7KhwKHMrCjKV
61,61.0,redden j joseph,joseph,redden,j,5MrAuFLgHixa
62,62.0,wolfe a. thad,thad,wolfe,a,8MPKaodxRUPA
63,63.0,tilelli h. john,john,tilelli,h,4R8EgfznFg9h
64,64.0,tilelli h. john,john,tilelli,h,GZjW4iCGwpKg
65,65.0,randolph p bernard,bernard,randolph,p,3WTfdwibKF6L
66,66.0,johnson t hansford,hansford,johnson,t,6U2YjLKNJ28m
67,67.0,mikolashek t. paul,paul,mikolashek,t,PG7KH8xyjxEm
68,68.0,scott t. james,james,scott,t,5JWjquDwmL3M
69,69.0,peake b. james,james,peake,b,7iQeBG6SjiYo
70,70.0,sterner r. george,george,sterner,r,GA9LuyzzfyDy
71,71.0,peay binford james,james,peay,binford,TU54MRkEg3Uz
72,72.0,welser iii william,william,welser iii,,4tYvbxynXyQw
73,73.0,mcduffie m. john,john,mcduffie,m,7U2BdyJqaC33
74,74.0,hughes m. patrick,patrick,hughes,m,MPTeNLUfUQPp
75,75.0,wetekam j donald,donald,wetekam,j,5kLrG8zZcPiN
76,76.0,lippert w. keith,keith,lippert,w,nw8ALuWKUmRG
77,77.0,"woodward, jr l john",john,"woodward, jr",l,3hsuP6SuBmso
78,78.0,piotrowski l john,john,piotrowski,l,5Em5uuLSZWS8
79,79.0,katz j. douglas,douglas,katz,j,7svZJAj7VDjb
80,80.0,parker d. ellis,ellis,parker,d,7zSAJ7HKouYL
81,81.0,reynolds v richard,richard,reynolds,v,qqxYpybTY66M
82,82.0,jeremiah e. david,david,jeremiah,e,4Yn6SyhRwMez
83,83.0,jameson d arlen,arlen,jameson,d,6JymFz5F3DxS
84,84.0,mcginty d michael,michael,mcginty,d,3o9hCDS6wiVT
85,85.0,lezy g. normand,normand,lezy,g,3qirzuR4z3AV
86,86.0,aldridge o. donald,donald,aldridge,o,5yejBcALaCLh
87,87.0,jumper p. john,john,jumper,p,tdgogUaxXLDE
88,88.0,johnston b robert,robert,johnston,b,3K49ce7fANxq
89,89.0,williams e. arthur,arthur,williams,e,66UGrTHaVXAt
90,90.0,kinzer w. joseph,joseph,kinzer,w,7jNaQi3fgkRQ
91,91.0,o'neill r. malcolm,malcolm,o'neill,r,7qryhxC6Nt94
92,92.0,smith g. hubert,hubert,smith,g,4GESJFuvVvhV
93,93.0,rhame g. thomas,thomas,rhame,g,7pKFXj3SWgqN
94,94.0,huly jan,jan,huly,,3Gwb7thoGbqa
95,95.0,magruder w. lawson,lawson,magruder,w,3s9JCtyPwf4z
96,96.0,wilhelm e. charles,charles,wilhelm,e,4xqEPkSF442Z
97,97.0,strock a. carl,carl,strock,a,TReytCJS8kdc
98,98.0,rigby l. randall,randall,rigby,l,8EFFVmj7GsmR
99,99.0,inge r. joseph,joseph,inge,r,7QBhSvqpRuys
100,100.0,hough a michael,michael,hough,a,4qAKrb6Gqd68
101,101.0,murphy j. daniel,daniel,murphy,j,5MS7zSChgsep
102,102.0,parks garry,garry,parks,,82vdPVTkgRRJ
103,103.0,sinn l. jerry,jerry,sinn,l,4YNpNmFLJsh7
104,104.0,zettler e michael,michael,zettler,e,3oEXHq3S3ifX
105,105.0,mahan s. charles,charles,mahan,s,8KQk8kUV58XW
106,106.0,zinni anthony,anthony,zinni,,5PfmpY9YwBAw
107,107.0,shea robert,robert,shea,,7Ld6YFt6V4gp
108,108.0,laposata s. joseph,joseph,laposata,s,3TDCjdwSQeKv
109,109.0,ord l. robert,robert,ord,l,ZLbKLyzgRtFK
110,110.0,keane m. john,john,keane,m,3Zt7ok7oYLA2
111,111.0,moore edward,edward,moore,,4NRk3wfML8Qn
112,112.0,straw m. edward,edward,straw,m. ,dCM6SKrQ55Dm
113,113.0,roudebush g james,james,roudebush,g,o5QSf7bRnLC4
114,114.0,mccarthy dennis,dennis,mccarthy,,52PFKB4CEbuW
115,115.0,spane j robert,robert,spane,j,x6DdpZSeYNTp
116,116.0,shineski k. eric,eric,shineski,k,4YBrboQsYMeQ
117,117.0,sattler john,john,sattler,,Westwpu4PHHe
118,118.0,mortensen e. william,william,mortensen,e,5FRUEZrGdCUU
119,119.0,sullivan e. paul,paul,sullivan,e,BJ3KV7FZAn8L
120,120.0,wilson frances,frances,wilson,,7UC6NMLYH75j
121,121.0,reason paul,paul,reason,,VbA72h32XyPY
122,122.0,nyland l. william,william,nyland,l,367phN4bN4Rb
123,123.0,moran k. j. kevin,j. kevin,moran,k,7D38a3ryypxN
124,124.0,"nix, p. jack",jack,"nix,",p,5uSLYjhp3Vgt
125,125.0,milligan robert,robert,milligan,,44W4Gy3vj9Pa
126,126.0,yost a. paul,paul,yost,a,3R6VZEqBE9UP
127,127.0,smith norman,norman,smith,,7jSEdFi2YCwx
128,128.0,wald f charles,charles,wald,f,85Gf8oxtdpW8
129,129.0,"moseley m michael, t.","michael, t.",moseley,m,7uPFU7kbgvdX
130,130.0,lennox j. william,william,lennox,j,49JccGcMDF4F
131,131.0,pappas jimmy,jimmy,pappas,,7q3ujWKLK2Di
132,132.0,osman henry,henry,osman,,3wprHeB7pRuw
133,133.0,moore w. charles,charles,moore,w,7QgZY5RfMTaQ
134,134.0,jamerson l james,james,jamerson,l,6C8jDVjD9TQK
135,135.0,pigaty j. leo,leo,pigaty,j,UAin5sB2yMxX
136,136.0,mccarthy f. paul,paul,mccarthy,f,4FGvbW6UN9vS
137,137.0,nyquist w. john,john,nyquist,w,PN3tz2uFUiD5
138,138.0,schwartz a. thomas,thomas,schwartz,a,mFAAq5j8hZLQ
139,139.0,ryan r. norbert,norbert,ryan,r,3pAGkfMEge65
140,140.0,vuono e. carl,carl,vuono,e,7b6mL5cbBDp5
141,141.0,tattini l eugene,eugene,tattini,l,79t7o2UGeKXh
142,142.0,zortman m. james,james,zortman,m,43j5K2Xu4RuY
143,143.0,studeman o. william,william,studeman,o,7ANkVAhCNtUX
144,144.0,"viccellio, jr. henry",henry,"viccellio, jr.",,7nJgfmkgqKiD
145,145.0,yates w ronald,ronald,yates,w,CMy8ZEDxebmB
146,146.0,less a. tony,tony,less,a,89zaeb6Kwf3f
147,147.0,schwarzkopf norman,norman,schwarzkopf,,4w8Di3nqkczV
148,148.0,kramlich richard,richard,kramlich,,6FHF7NDpWMzd
149,149.0,rutherford l robert,robert,rutherford,l,3AJwNeBUWtWE
150,150.0,kelly a christopher,christopher,kelly,a,8HSFLwH74fmb
151,151.0,quast m. philip ,philip ,quast,m,8AHe4ieDUXJD
152,152.0,peterson w michael,michael,peterson,w,5izConuLYYXq
153,153.0,wright a bruce,bruce,wright,a,3JYx2pkZdUmA
154,154.0,kelly j. robert,robert,kelly,j,rJbhNFSrQeNx
155,155.0,palmer r. dave,dave,palmer,r,67BjYxmXXbBN
156,156.0,kinnan a timothy,timothy,kinnan,a,6FyFgf2VxUQh
157,157.0,perkins b. james,james,perkins,b,3kSnEWy3FYzY
158,158.0,kalleres f. michael,michael,kalleres,f,6F49rFJtQWD4
159,159.0,petrosky j. daniel,daniel,petrosky,j,5eAB9X393FjW
160,160.0,reno h. william,william,reno,h,7fVYsE3te7h4
161,161.0,kelly richard,richard,kelly,,4J5RZLaaNkJN
162,162.0,rokke j. ervin,ervin,rokke,j,5a6JQCo8KDT2
163,163.0,lautenbacher c. conrad,conrad,lautenbacher,c,r3xS78aEBCpG
164,164.0,swope t. richard,richard,swope,t,4EgcAnVf5Vrq
165,165.0,went j. joseph,joseph,went,j,7qHcjzUEAXqq
166,166.0,abizaid p. john,john,abizaid,p,544CPAcJ33cg
167,167.0,abrams n. john,john,abrams,n,6XM8VmmDTqjd
168,168.0,thomas m. billy,billy,thomas,m,89xqVreetC4K
169,169.0,ackerman w. michael,michael,ackerman,w,fpioAUBkDPKh
170,170.0,adams e. ronald,ronald,adams,e,LCBkugUtQ8ob
171,171.0,adams v. jimmie,jimmie,adams,v,6cR6GyACDBS3
172,172.0,alexander m. robert,robert,alexander,m,3AvvBhqozm5R
173,173.0,allen c. richard,richard,allen,c,5wcZ6GinUnQY
174,174.0,allen g. teddy,teddy,allen,g,6bJMrUvrQqUX
175,175.0,amerault f. james,james,amerault,f,38pUDPEgu62U
176,176.0,anderson edward,edward,anderson,,JQbAUinP8Kot
177,177.0,anderson a marcus,marcus,anderson,a,7MAknkb7uswP
178,178.0,"anderson, jr. r. edgar",edgar,"anderson, jr.",r,38x3kJM3WsYb
179,179.0,mcinerney g. thomas,thomas,mcinerney,g,36Y3d6GNusJ4
180,180.0,armstrong b. malcom,malcom,armstrong,b,7Pm55qgKrVM8
181,181.0,arnold l. steven,steven,arnold,l,7ckydyWxVxpQ
182,182.0,arnold a brian,brian,arnold,a,5u7ob3GoU4KB
183,183.0,arthur stan,stan,arthur,,7SwMJBhJ2s7Y
184,184.0,"arthur, jr. c. donald",donald,"arthur, jr.",c,5p5njbPZfoHi
185,185.0,ashy w. joseph,joseph,ashy,w,4G7naRMUyNFT
186,186.0,ayres raymond,raymond,ayres,,kvVZZJzniV55
187,187.0,babbitt t george,george,babbitt,t,7XQotjEJPNZA
188,188.0,baca d. edward,edward,baca,d,6sEbtnV7esew
189,189.0,bacon f. roger,roger,bacon,f,4qsnkSVXQYtt
190,190.0,tangney p. william,william,tangney,p,4b9zhBrrn8hn
191,191.0,bailey c maxwell,maxwell,bailey,c,7Pjq4tZm3M7x
192,192.0,baker a. thomas,thomas,baker,a,6Mumtm7XEAJy
193,193.0,baker r john,john,baker,r,6x6uax5X4nJE
194,194.0,balisle m. philip,philip,balisle,m,5Xm7jjhDoiHf
195,195.0,ballard n. joe,joe,ballard,n,54g4GCCmqRLb
196,196.0,baptiste l thomas,thomas,baptiste,l,5tHwXM5KVgmM
197,197.0,barno w. david,david,barno,w,6uM4oLEW47FK
198,198.0,barry p. edward,edward,barry,p,3tKgPERTKBm8
199,199.0,bates l. jared,jared,bates,l,5NvrnUpvhcrv
200,200.0,beauchamp e. roy,roy,beauchamp,e,6FemkwTaDQYb
201,201.0,klimp jack,jack,klimp,,7zNQrmS62qML
202,202.0,bedard emil,emil,bedard,,548hJUQrXVUF
203,203.0,begert j william,william,begert,j,6zKFLYwy3AQj
204,204.0,bell b. burwell,burwell,bell,b,6TYffPbrCnqn
205,205.0,benchoff l. dennis,dennis,benchoff,l,HbsjajaDKcfY
206,206.0,bennett m. b.,b.,bennett,m,85z5ZmBQBGeG
207,207.0,bennitt m. brent,brent,bennitt,m,7eekzHDoofQ4
208,208.0,benton l. david,david,benton,l,5oCLoHnhB5T8
209,209.0,bergman w john,john,bergman,w,qfvFMX8ya4oE
210,210.0,berndt martin,martin,berndt,,8MA7x8JJ3q83
211,211.0,bethurem c richard,richard,bethurem,c,43yAkK2fjibv
212,212.0,powell l. colin,colin,powell,l,6EbCdntaErzG
213,213.0,bien g. lyle,lyle,bien,g,88cLeuyG3NLU
214,214.0,bishop d. robert,robert,bishop,d,KLjV6aAv843y
215,215.0,black c. scott,scott,black,c,3ZYF7y9yjasG
216,216.0,blackman robert,robert,blackman,,7AKPPfU6o79t
217,217.0,blackwell e. paul,paul,blackwell,e,5DjHyugDr9Tm
218,218.0,blades c. arthur,arthur,blades,c,6DuribfjY3w4
219,219.0,blair c. dennis,dennis,blair,c,7VB9aze3nmwZ
220,220.0,blanck r. ronald,ronald,blanck,r,3KoS7f346jfC
221,221.0,blot harold,harold,blot,,67eyQd7KB4PF
222,222.0,boese e. lawrence,lawrence,boese,e,4nrbfAZTdLau
223,223.0,jaquish e. john,john,jaquish,e,PFNixrSi5oij
224,224.0,newton w lloyd,lloyd,newton,w,3uqDPvrnyrWm
225,225.0,boles j. billy,billy,boles,j,zffPPWkvk9Rp
226,226.0,bolt j. wiliam,wiliam,bolt,j,u5ZSy2vbsG3B
227,227.0,boomer e. walter,walter,boomer,e,4p8Wc8wdukHH
228,228.0,boutelle w. steven,steven,boutelle,w,6gEzbKavHwx4
229,229.0,bowes c. william,william,bowes,c,3KAZ9E75TMfQ
230,230.0,bowman l. frank,frank,bowman,l,4VBMfFijC5ba
231,231.0,bowman l. michael,michael,bowman,l,3WUgTFXmwxK2
232,232.0,boyd g. charles,charles,boyd,g,6WNqLoZuVzc7
233,233.0,boykin g. willam,willam,boykin,g,4ebiDGtCPapm
234,234.0,brabham james,james,brabham,,4ZUQF5QwnUZo
235,235.0,ilg paul,paul,ilg,,38coaJDKUxxL
236,236.0,brailsford d. marvin,marvin,brailsford,d,7higWNhk2X9u
237,237.0,bramlett a. david,david,bramlett,a,4JqyWokBDVWX
238,238.0,brandtner martin,martin,brandtner,,79La6gG3H4Gg
239,239.0,brewer iii l. david,david,brewer iii,l,389WHy3y5g9q
240,240.0,broadwater m. colby,colby,broadwater,m,7aDKgY85Rnai
241,241.0,brown d. bryan,bryan,brown,d,5d96VzZPc6v2
242,242.0,brown g. daniel,daniel,brown,g,5sZ2oJz53EST
243,243.0,brown e nancy,nancy,brown,e,8EkKqyHhqNxz
244,244.0,brown e richard,richard,brown,e,7gV2tzqYWKks
245,245.0,brown iii m. john,john,brown iii,m,4yCLE7djitDi
246,246.0,ono k. allen,allen,ono,k,m4xyqW3nVfKx
247,247.0,browne a. herbert,herbert,browne,a,6PNj82yf9HsU
248,248.0,bucchi michael,michael,bucchi,,6wYahiG7CSJt
249,249.0,buchanan iii e walter,walter,buchanan iii,e,3dJ6MMWVM2CH
250,250.0,burba h. edwin,edwin,burba,h,8EbW9h6QmQNV
251,251.0,burnette n. thomas,thomas,burnette,n,6ywFAxh3JNFu
252,252.0,butler l. george,george,butler,l,W3ocBS69ith9
253,253.0,byrnes p. kevin,kevin,byrnes,p,8ApffGsHfKLZ
254,254.0,byron michael,michael,byron,,8MMZ7mgSwx9s
255,255.0,caldwell john,john,caldwell,,7j6Kq6dnsZZm
256,256.0,callaghan t. james,james,callaghan,t,3RJ6UqiskkUL
257,257.0,sloan m alexander,alexander,sloan,m,72s68XaTC3HE
258,258.0,calland iii m. albert,albert,calland iii,m,7n4SoecPgvrS
259,259.0,campbell l. james,james,campbell,l,37yuPHm8uWjx
260,260.0,campbell h. william,william,campbell,h,5zyvKvjvCYFv
261,261.0,campbell b frank,frank,campbell,b,7Ps83XQaJQEK
262,262.0,campbell h john,john,campbell,h,4tVpRxqGVNBx
263,263.0,canavan a. michael,michael,canavan,a,7yPEuztb3vg5
264,264.0,carlson bruce,bruce,carlson,,8NZN8rCwCwZr
265,265.0,carlton k paul,paul,carlton,k,surZdgDQFaX6
266,266.0,carney p. thomas,thomas,carney,p,7sjuTjBgrUdk
267,267.0,carns p. c. michael,michael,carns,p. c,7bZr2bKBSi7w
268,268.0,totushek b. john,john,totushek,b,6smQuaCZjiNg
269,269.0,carpenter s. william,william,carpenter,s,7MxDih4e2WRs
270,270.0,carter f. powell,powell,carter,f,bcpPbeXNGkER
271,271.0,carter g. william,william,carter,g,7wAhRYkSQNtj
272,272.0,caruana p. patrick,patrick,caruana,p,6P6xEqUC6a8j
273,273.0,case r. thomas,thomas,case,r,4KSTzVdEmAKx
274,274.0,castellaw john,john,castellaw,,5iNc54wpXY49
275,275.0,cavezza j. carmen,carmen,cavezza,j,7f3NJUKr7Uxy
276,276.0,cavin d. dennis,dennis,cavin,d,34w92QDp5nTB
277,277.0,cerjan g. paul,paul,cerjan,g,5mLzKhtRUdbu
278,278.0,chain t. john,john,chain,t,79cqcDUupsEi
279,279.0,pagonis g. william,william,pagonis,g,6a6sNN8YAFK7
280,280.0,chambers e james,james,chambers,e,8DvAbFThoMmr
281,281.0,chanik m. evan,evan,chanik,m,65R3djQNWEVC
282,282.0,chelberg d. robert,robert,chelberg,d,3kpVugzh5cGh
283,283.0,chiles g. henry,henry,chiles,g,4B43GrjwiLLm
284,284.0,christianson v. claude,claude,christianson,v,8Ji2d4ayXkAZ
285,285.0,christman w. daniel,daniel,christman,w,3puWL4aVgduY
286,286.0,christmas george,george,christmas,,65pwjfKg5rKx
287,287.0,church t. albert,albert,church,t,4rH5AuFTEYBf
288,288.0,cianciolo gus,gus,cianciolo,,7dqcaxMcswrb
289,289.0,cisneros a. marc,marc,cisneros,a,5HGaJWWGtkoP
290,290.0,plewes j. thomas,thomas,plewes,j,6vajF58aVe7K
291,291.0,"clapper, jr. r. james",james,"clapper, jr.",r,SUZAvyiKUYBB
292,292.0,clark t. robert,robert,clark,t,73izDY3So4TL
293,293.0,clark k. wesley,wesley,clark,k,3ZUNTJKMmkFD
294,294.0,clemins r. archie,archie,clemins,r,HWLycecrHmvd
295,295.0,clexton w. edward,edward,clexton,w,5hTyaSVNHMx6
296,296.0,coburn g. john,john,coburn,g,49CfFkYKmb6C
297,297.0,cody a. richard,richard,cody,a,3qWxvDUC956e
298,298.0,coffey s. robert,robert,coffey,s,4Y4r7AKtKUmZ
299,299.0,coleman ronald,ronald,coleman,,7x2q7KefBGwQ
300,300.0,colley c. michael,michael,colley,c,5VoZ5YdndQTT
301,301.0,kutyna j donald,donald,kutyna,j,8DxRmMD2xRor
302,302.0,collins h. thomas,thomas,collins,h,6FkV8Ug8jEfT
303,303.0,conaway b john,john,conaway,b,7LTcDX7mxdph
304,304.0,conway t. robert,robert,conway,t,4SqS5k3bhJco
305,305.0,cook g donald,donald,cook,g,Rpq3rTdaAmPn
306,306.0,coolidge h charles,charles,coolidge,h,6WsLi4kmus52
307,307.0,cooper l. david,david,cooper,l,5gidreTPM8VX
308,308.0,cooper matthew,matthew,cooper,,6Z9xckug9x5E
309,309.0,corley d. w. john,john,corley,d. w,5o6zSfbSDdj8
310,310.0,corns h. johnnie,johnnie,corns,h,5TnQ5rBhYPDc
311,311.0,cosgriff j. kevin,kevin,cosgriff,j,4HXBaGuMKJBm
312,312.0,franklin e. carl,carl,franklin,e,5F7BSyFQbfpE
313,313.0,costello john,john,costello,,7Ji6tAUw4U2W
314,314.0,costello m. barry,barry,costello,m,32wNkQJzFX74
315,315.0,cosumano m. joseph,joseph,cosumano,m,3gDCtUVGLWRM
316,316.0,cotton g. john,john,cotton,g,53neQYffNNLA
317,317.0,covault l. marvin,marvin,covault,l,7uQAeafYe9Nv
318,318.0,cowan l. michael,michael,cowan,l,3kELoaSam4Pg
319,319.0,craddock j. bantz,bantz,craddock,j,58xP8gGqoVXc
320,320.0,craine w. john,john,craine,w,7rgV6D8iRnYR
321,321.0,cranston e stewart,stewart,cranston,e,BQSHuS2hGYHc
322,322.0,crenshaw w. lewis,lewis,crenshaw,w,5HwX58DxjzZj
323,323.0,macdonald e. bruce,bruce,macdonald,e,5HaTiumgowsb
324,324.0,crocker a. george,george,crocker,a,dUvxVzxZ8Pwf
325,325.0,croker b stephen,stephen,croker,b,5auaXRGjAdJn
326,326.0,"croom, jr e charles",charles,"croom, jr",e,6g3huaDimKw9
327,327.0,crouch w. william,william,crouch,w,3jRZeXNgDgrz
328,328.0,crowder d. william,william,crowder,d,7KT4CbQZGTUr
329,329.0,crysel w. james,james,crysel,w,7sWYteeEmCbs
330,330.0,curran m. john,john,curran,m,3MAxqb38RRGP
331,331.0,cusick j. john,john,cusick,j,7cswcMYNNnPF
332,332.0,cuviello m. peter,peter,cuviello,m,bxssmdqc6tTu
333,333.0,dail t. robert,robert,dail,t,5wRhpmjv7qXL
334,334.0,mutter carol,carol,mutter,,64kZSFGk3JXh
335,335.0,"jackson, jr. e. john",john,"jackson, jr.",e,4qNbgCE8ntVX
336,336.0,dailey l. dell,dell,dailey,l,vCa6qiRhgyXK
337,337.0,dailey r. john,john,dailey,r,gmEsJRMTQjbo
338,338.0,dake r. terrence,terrence,dake,r,7eYxPXxgb6m7
339,339.0,dallager r john,john,dallager,r,5btiviG2dwzc
340,340.0,davis j. walter,walter,davis,j,aGUdaDxGQRzW
341,341.0,davis b. james,james,davis,b,3z9MgDN7hrGX
342,342.0,davison s. michael,michael,davison,s,4Weij5J2tWJH
343,343.0,dawson culter,culter,dawson,,3tzDsPXbezem
344,344.0,defrancisco e. joseph,joseph,defrancisco,e,85KDoDCproYt
345,345.0,dekok g roger,roger,dekok,g,5CcSyNZ6nyem
346,346.0,"rosa, jr w john",john,"rosa, jr",w,5FSprNuyomf9
347,347.0,delong michael,michael,delong,,7ZjPKHZLCvb3
348,348.0,demars bruce,bruce,demars,,5gf2i9vH3Ucn
349,349.0,dierker r. rob,rob,dierker,r,75rp93qQmtw8
350,350.0,dodson l. michael,michael,dodson,l,4Soh3QvH6tPr
351,351.0,dominy e. charles,charles,dominy,e,4gXpkVJTXZ7v
352,352.0,donahue j. robert,robert,donahue,j,6Kb4VYHuxmKR
353,353.0,donahue j william,william,donahue,j,44QA4jRvpMc7
354,354.0,donnell s. joseph,joseph,donnell,s,3zBZWWCjeq6D
355,355.0,donovan r. frank,frank,donovan,r,8P22Z6RS2uBW
356,356.0,doran f. walter,walter,doran,f,42EMDtCxwDrT
357,357.0,peterson l donald,donald,peterson,l,5YJAyci2z3er
358,358.0,"dorsey, f. james",james,"dorsey,",f,p3JhFAdbUNqu
359,359.0,dougherty a. bill,bill,dougherty,a,7jhg2QAFCVcF
360,360.0,downing wayne,wayne,downing,,7nZKsxDZwLzv
361,361.0,dubia a. john,john,dubia,a,3FcQD2BgMoyv
362,362.0,dubik m. james,james,dubik,m,59JLRd9FNhxX
363,363.0,dugan j michael,michael,dugan,j,4onSdVqh5zxH
364,364.0,dula m brett,brett,dula,m,pHNMevfoZuwC
365,365.0,dunn m michael,michael,dunn,m,3pTtHUZ8EKJp
366,366.0,dyer w. joe,joe,dyer,w,4uwgkhgs4SMz
367,367.0,earner a. william,william,earner,a,4Um7wmQMGC4J
368,368.0,newbold gregory,gregory,newbold,,53JiUpJNsbTG
369,369.0,ebbesen e. samuel,samuel,ebbesen,e,3UwWWZkx7459
370,370.0,eberhart e. ralph,ralph,eberhart,e,6tnQULi4DeUY
371,371.0,edmonds j. albert,albert,edmonds,j,4TwH2HwvwrfC
372,372.0,edney a. leon,leon,edney,a,7vtcWATeuEy8
373,373.0,edwards j. mark,mark,edwards,j,5jSbGqm8PnzH
374,374.0,eichelberger b. charles,charles,eichelberger,b,3dXjSCfGq58x
375,375.0,eickmann e kenneth,kenneth,eickmann,e,5sPkaECgGGc2
376,376.0,eikenberry w. karl,karl,eikenberry,w,5GMhFkyLFFCr
377,377.0,elder j robert,robert,elder,j,DabDzA5pYFJP
378,378.0,ellis r. larry,larry,ellis,r,7C2u27W2iK8d
379,379.0,vollrath e. frederick,frederick,vollrath,e,sD7ryB7aESF8
380,380.0,ellis o. james,james,ellis,o,4ZjYZrKBAKXU
381,381.0,ellis r. james,james,ellis,r,6C2zedZZt3BQ
382,382.0,emery w. george,george,emery,w,52e4TALJYfbn
383,383.0,esmond r marvin,marvin,esmond,r,7KvwscdiL23u
384,384.0,estes iii m howell,howell,estes iii,m,7BGkUfb4tZFG
385,385.0,etnyre william,william,etnyre,,4w6aQwGKriRW
386,386.0,etnyre t. terrance,terrance,etnyre,t,79u37mHYQ75V
387,387.0,eytchison ronald,ronald,eytchison,,ybE5gCKzqjTu
388,388.0,fages malcolm,malcolm,fages,,5tcB2C27JZNn
389,389.0,"fain, jr. a james",james,"fain, jr.",a,4fFHZJR39LpB
390,390.0,raggio f robert,robert,raggio,f,33KM2fpD8b5H
391,391.0,fairfield s john,john,fairfield,s,EkoasMETuEXy
392,392.0,fallon j. william,william,fallon,j,6UUJLUYXMEzn
393,393.0,fargo b. thomas,thomas,fargo,b,XmZXYqwCeHvE
394,394.0,"farrell, jr p lawrence",lawrence,"farrell, jr",p,6ALeeZSeZN8i
395,395.0,farris b. jack,jack,farris,b,672Cx36mgTgw
396,396.0,ferguson r. thomas,thomas,ferguson,r,4upg4bPZ6Cex
397,397.0,fields tom,tom,fields,,8JJXq8ck2Qhg
398,398.0,fischer h. eugene,eugene,fischer,h,6FY9ujf29GNb
399,399.0,fisher a. george,george,fisher,a,5TjufQ2NRFEp
400,400.0,fister l. bruce,bruce,fister,l,4a4QQefhYGYB
401,401.0,kennedy j. claudia,claudia,kennedy,j,7NGnLQCqv8sr
402,402.0,fitzgerald r. james,james,fitzgerald,r,4zh7HSophpio
403,403.0,flanagan j. william,william,flanagan,j,7BLDxpaevC3s
404,404.0,flowers b. robert,robert,flowers,b,3mU2RDJKZtkt
405,405.0,flynn s. william,william,flynn,s,5oeNdAUGyTAh
406,406.0,fogleman r ronald,ronald,fogleman,r,33nVfUUa3XAC
407,407.0,foglesong h robert,robert,foglesong,h,5s4N2ww5EgGB
408,408.0,foley f. robert,robert,foley,f,5owzmwd7rrxN
409,409.0,ford j phillip,phillip,ford,j,VPfWRJkWX6gA
410,410.0,fornell e. gordon,gordon,fornell,e,WctGN7rWtuts
411,411.0,forster h. william,william,forster,h,5JMcHDZ7g42N
412,412.0,mccarthy p james,james,mccarthy,p,8LCjNYBBd6Ra
413,413.0,foss w. john,john,foss,w,6mVsEVJQSCeg
414,414.0,franklin e charles,charles,franklin,e,8PfMVQmTbsuJ
415,415.0,franks m. frederick,frederick,franks,m,5PGExgXsbLAu
416,416.0,franks r. tommy,tommy,franks,r,fcfhwmnUvDuA
417,417.0,freitag merle,merle,freitag,,4kk329s8EZTq
418,418.0,frost e. david,david,frost,e,7g3xuauKojZ8
419,419.0,fry a. scott,scott,fry,a,6G7aU5arbBZe
420,420.0,fulford w. carl,carl,fulford,w,4tCvY6ZE8kX2
421,421.0,funk e. paul,paul,funk,e,54iCU2c8hXoM
422,422.0,gabreski l terry,terry,gabreski,l,7RpPdJsLovHg
423,423.0,lyles l lester,lester,lyles,l,3rWcT4PN8AZQ
424,424.0,gaffney g. paul,paul,gaffney,g,6hCFvs5535Ez
425,425.0,galvin r. john,john,galvin,r,5d5GJ6qWZiVR
426,426.0,gamble k patrick,patrick,gamble,k,5nxX4VDkDCgb
427,427.0,gard g. robert,robert,gard,g,3b2yoVJRg6VM
428,428.0,gardner emerson,emerson,gardner,,4snb2fbjooxo
429,429.0,garner m. jay,jay,garner,m,6yU6sZKSNWfk
430,430.0,gehman w. harold,harold,gehman,w,35MdoARMiVX9
431,431.0,giambastiani edmund,edmund,giambastiani,,ocKXT45C48fe
432,432.0,giffin c. henry,henry,giffin,c,4iQ2YyQ9Zvkz
433,433.0,glisson tom,tom,glisson,,5ziZ2mSuVPtE
434,434.0,hudson l john,john,hudson,l,3v5JJq3Xuqve
435,435.0,glosson c. buster (brad),buster (brad),glosson,c,5YowXcct3Qbx
436,436.0,goodman john,john,goodman,,4naDEWKDVkyh
437,437.0,gordon a john,john,gordon,a,3QQvJ8SaU2bN
438,438.0,"goslin, jr b thomas",thomas,"goslin, jr",b,6ZADbhq6BSwm
439,439.0,granrud h. jerome,jerome,granrud,h,VFHBs69rRHqo
440,440.0,graves g. richard,richard,graves,g,735Jg7ZHptWj
441,441.0,gray m. alfred,alfred,gray,m,3T8sd93Yacmf
442,442.0,gray e. robert,robert,gray,e,5kvsu9MkoYoY
443,443.0,green e. stanley,stanley,green,e,enXCZaRBvNKy
444,444.0,green p. kevin,kevin,green,p,56tAe4nzL3LP
445,445.0,"kensinger, jr r philip",philip,"kensinger, jr",r,7JTpp5rcmCd2
446,446.0,wilson e. johnnie,johnnie,wilson,e,7HJpZgE4FkHi
447,447.0,gregson wallace,wallace,gregson,,6vkoFLbvnCPe
448,448.0,griffin s. benjamin,benjamin,griffin,s,3hofWtL2RdDb
449,449.0,griffin n. thomas,thomas,griffin,n,5fLj65tRSUgb
450,450.0,griffith h. ronald,ronald,griffith,h,4acrMkQPSMum
451,451.0,griffith c john,john,griffith,c,5DePFK3p2L92
452,452.0,grossenbacher j. john,john,grossenbacher,j,3oNaB55ZCpRf
453,453.0,guenther j. otto,otto,guenther,j,7Xn9YaKQaURU
454,454.0,gunn f. lee,lee,gunn,f,hTUrKhj6RcJz
455,455.0,habiger e eugene,eugene,habiger,e,TVmWKdrT9cTk
456,456.0,hack a. richard,richard,hack,a,3Ga3FGR5PU5D
457,457.0,shaud a john,john,shaud,a,4ro8TSW3ZFb8
458,458.0,hagee w. michael,michael,hagee,w,5HZgiaEHLeTM
459,459.0,hagen f. donald,donald,hagen,f,3aTiFT4CUkuD
460,460.0,hailston earl,earl,hailston,,4FtjGFMuYtL5
461,461.0,hall r. james,james,hall,r,39gvKngu2rFp
462,462.0,hall john,john,hall,,64booBWkonHX
463,463.0,hallin p william,william,hallin,p,5YNyviW5wJXK
464,464.0,hamel a michael,michael,hamel,a,Fun4wNgtMXKq
465,465.0,hammond d. robert,robert,hammond,d,7zujAyzRJVEV
466,466.0,hammond a. trevor,trevor,hammond,a,5fszumGjeM6y
467,467.0,hancock j. william,william,hancock,j,4rxHtHgwkKMp
468,468.0,howe t. jonathan,jonathan,howe,t,enLx7gEeUkZr
469,469.0,handy w john,john,handy,w,7nkm6WJ2coiM
470,470.0,hanlon edward,edward,hanlon,,4FHy5TbVwEfY
471,471.0,hardisty huntington,huntington,hardisty,,5mibeBoQTmzU
472,472.0,harms g. albert,albert,harms,g,8KnoJ3cTS2WS
473,473.0,harrison h. william,william,harrison,h,7jLazVyoF8Jx
474,474.0,hartzog william,william,hartzog,,4c3rFbzkdWb2
475,475.0,haskins d. michael,michael,haskins,d,4KPizAuEXX9X
476,476.0,hatch j. henry,henry,hatch,j,5LuZVUXWV9VD
477,477.0,"hatch, jr. w monroe",monroe,"hatch, jr.",w,5nix7YL7FTzM
478,478.0,hawley e richard,richard,hawley,e,7tgHdEfzeeyQ
479,479.0,stroup g. theodore,theodore,stroup,g,5Lk9vLUzVqwu
480,480.0,hayden v michael,michael,hayden,v,4nRUDJAh2hrv
481,481.0,hearney d. richard,richard,hearney,d,kYk9NZBqLLu9
482,482.0,heebner k. david,david,heebner,k,4KMSeexJTgzU
483,483.0,heflebower r charles,charles,heflebower,r,6eBjM6wH25wG
484,484.0,hekman m. peter,peter,hekman,m,63DwEsrgsXzn
485,485.0,helland samuel,samuel,helland,,4WDATTpmSnyc
486,486.0,helmly r. james,james,helmly,r,72ZQno9ogyxz
487,487.0,hendrix w. john,john,hendrix,w,5Frm2vpH8JeF
488,488.0,herberger j. albert,albert,herberger,j,3oCsrSBFDRVU
489,489.0,hernandez e. diego,diego,hernandez,e,53DzHWEA4nV5
490,490.0,o'berry g. carl,carl,o'berry,g,5KjXiUkRhxJE
491,491.0,hester v paul,paul,hester,v,37Y9H9j4WxDE
492,492.0,hill t. james,james,hill,t,3zFJNdRmvkAr
493,493.0,hilmes b. jerome,jerome,hilmes,b,5UumZqzPr5hi
494,494.0,hinson c robert,robert,hinson,c,3zJyAxaaccRa
495,495.0,hissong fred,fred,hissong,,6mjqSdxyZ8vZ
496,496.0,hite v. ronald,ronald,hite,v,7iPjfzXXxU7k
497,497.0,hoar p. joseph,joseph,hoar,p,6hLbMoqLBG5p
498,498.0,hobbins t william,william,hobbins,t,83oNgBg62LNm
499,499.0,hoewing l. gerald,gerald,hoewing,l,6yuCBiSGmB8Z
500,500.0,hogg r. james,james,hogg,r,5DHCztmJc3eD
501,501.0,wallace s. william,william,wallace,s,6ym3JtR6bvPT
502,502.0,hogle jr s walter,walter,hogle jr,s,58azKFZoNoRb
503,503.0,holder s. gordon,gordon,holder,s,4XnBYjCgf5vD
504,504.0,holder d. leonard,leonard,holder,d,6ApZ3i4CGLqf
505,505.0,holland r charles,charles,holland,r,6cX99cmH7d5x
506,506.0,honore l. russel,russel,honore,l,5KeDZbTt43JN
507,507.0,"hopper, jr d john",john,"hopper, jr",d,iERC5ypPGNvm
508,508.0,hornburg m hal,hal,hornburg,m,5fZUZkH92iCd
509,509.0,horner a. charles,charles,horner,a,6icThcxFzHki
510,510.0,howell jefferson,jefferson,howell,,7WTdgWHt7oT8
511,511.0,hudson b. joel,joel,hudson,b,5iFqph2cqd33
512,512.0,johnson g. gregory,gregory,johnson,g,8BWzYdYs4P2P
513,513.0,hull d. james,james,hull,d,4DJufB4m6KbA
514,514.0,huot p raymond,raymond,huot,p,6BGYGhxa8EW8
515,515.0,hurd e joseph,joseph,hurd,e,EyJPnL4Rp77X
516,516.0,iverson w. ronald,ronald,iverson,w,7Pgt3WS7FpCN
517,517.0,johnson h. james,james,johnson,h,veuRmXn6XoxZ
518,518.0,johnson l. jay,jay,johnson,l,4ZZq8G76kUN5
519,519.0,johnson l. jerome,jerome,johnson,l,3AXxkejqhkHT
520,520.0,jones a. dennis,dennis,jones,a,6fHCU9UEsKAi
521,521.0,joulwan a. george,george,joulwan,a,72DM39wmr8tU
522,522.0,keating j. timothy,timothy,keating,j,3VoisWA39uPw
523,523.0,reimer j. dennis,dennis,reimer,j,8J9r9C8VzjLY
524,524.0,keck j. thomas,thomas,keck,j,8EWGoSsLuAUN
525,525.0,kehoe b nicholas,nicholas,kehoe,b,7KBtsL2zk5Gh
526,526.0,keller f. richard,richard,keller,f,4y9rJpxRtSev
527,527.0,kelley j. david,david,kelley,j,5ZPKKorkeGtz
528,528.0,kelley w. jay,jay,kelley,w,3Zo47JmWGabR
529,529.0,kelso b. frank,frank,kelso,b,5hr33NSLEPnJ
530,530.0,kenne f leslie,leslie,kenne,f,76hV8hg9j3M8
531,531.0,kernan f. william,william,kernan,f,LCGrJt5sUGBR
532,532.0,kerrick l. donald,donald,kerrick,l,6L9hqTp7CSPi
533,533.0,keys william,william,keys,,77KvZm8KjMBZ
534,534.0,mundy e. carl,carl,mundy,e,7UvtF74PLTRc
535,535.0,keys e robert,robert,keys,e,nmT4HYKLqd5Q
536,536.0,kicklighter m. claude,claude,kicklighter,m,7hdTPcSVkCbY
537,537.0,kime william,william,kime,,36LiJVPve7nZ
538,538.0,kind a. peter,peter,kind,a,96RLUoY5UHcg
539,539.0,knutson bruce,bruce,knutson,,4dpBgBkAogzW
540,540.0,kohler b jeffrey,jeffrey,kohler,b,54Eu2BSCj6Z9
541,541.0,kohn r. edwin,edwin,kohn,r,6mukDkRBTp2r
542,542.0,konetzni h. albert,albert,konetzni,h,7yMxpHvRyNab
543,543.0,krekich j. alexander,alexander,krekich,j,5UZtfkX3zm45
544,544.0,kross walter,walter,kross,,6ztFNoiCKJUt
545,545.0,oelstrom j tad,tad,oelstrom,j,49bdG3AEDbEa
546,546.0,krulak charles,charles,krulak,,4iy43Qbjw6tf
547,547.0,laboa guy,guy,laboa,,kxgmbEJbwx8H
548,548.0,lafleur w. timothy,timothy,lafleur,w,7yKUgG9rg6s3
549,549.0,lamontagne a donald,donald,lamontagne,a,55Ks7PiMMCy7
550,550.0,lanoue m. alcide,alcide,lanoue,m,4V8wknud2Wr4
551,551.0,larsen r dennis,dennis,larsen,r,68jr3GC5nJzy
552,552.0,le moyne m. john,john,le moyne,m,vwUWsmbtVrNH
553,553.0,leaf p daniel,daniel,leaf,p,A82HkVtUT86U
554,554.0,ledford f. frank,frank,ledford,f,8CBYrjPCN4cZ
555,555.0,libutti frank,frank,libutti,,3cBPv3CHY5NT
556,556.0,mcfarren e. freddy,freddy,mcfarren,e,42MzTk7HQwKM
557,557.0,rempt p. rodney,rodney,rempt,p,39wrZigAf4qS
558,558.0,lichte j arthur,arthur,lichte,j,cZqcU3TJEayJ
559,559.0,lionetti m. donald,donald,lionetti,m,4nV67a5TnU7j
560,560.0,lockard a. john,john,lockard,a,6AbAGwHDHiRu
561,561.0,loftus f. stephen,stephen,loftus,f,ExvcmeBRMv6a
562,562.0,loh michael john,john,loh,michael,5hzaNRLrhYHX
563,563.0,looney iii r william,william,looney iii,r,7AvW5SodF8Dr
564,564.0,lopez joe,joe,lopez,,3BPSerBaKxrW
565,565.0,lorber g john,john,lorber,g,6CrwaSzQ6e9Q
566,566.0,lord w. lance,lance,lord,w,6C8nfq4jKekT
567,567.0,lovelace j. james,james,lovelace,j,7nA3L8LGn6To
568,568.0,winglass robert,robert,winglass,,682YTRDJf9sh
569,569.0,loy james,james,loy,,5YN4Bbu6pNBZ
570,570.0,macke c. richard,richard,macke,c,37UW9bw4fgc5
571,571.0,maddox m. david,david,maddox,m,5eeZRcweTAgT
572,572.0,magnus robert,robert,magnus,,7DTrjqTy4zM8
573,573.0,malone d. michael,michael,malone,d,3zqHdWDkNiFp
574,574.0,maples d. michael,michael,maples,d,4MoN7uUeCjJo
575,575.0,marcotte c ronald,ronald,marcotte,c,3ogKdKv26Svg
576,576.0,marsh g. caryl,caryl,marsh,g,4CCEeMgeV84P
577,577.0,martin s gregory,gregory,martin,s,6pymR7G5YFSs
578,578.0,massenburg b. walter,walter,massenburg,b,7iq3pQervCSo
579,579.0,ryan r. john,john,ryan,r,7K653f5aXXeX
580,580.0,mayer j. martin,martin,mayer,j,5jPmRvmXX4xS
581,581.0,mayo w. richard,richard,mayo,w,4baEejmnAgXQ
582,582.0,mazach j. john,john,mazach,j,4GEoE3xoFo6M
583,583.0,"mcarthur, jr. d. james",james,"mcarthur, jr.",d,63DqsKcm2yiU
584,584.0,mccarthy d. justin,justin,mccarthy,d,6vHGgqqo445i
585,585.0,mcconnell m. john,john,mcconnell,m,6EBm9UdzdXkM
586,586.0,mcdonald c charles,charles,mcdonald,c,6X7PmXfW9ScY
587,587.0,mcfann l maurice (lee),maurice (lee),mcfann,l,3wZfB8YytCwE
588,588.0,mckiernan d. david,david,mckiernan,d,3mE2o3eq6cwM
589,589.0,mckissock gary,gary,mckissock,,5Exb4XFoFUQe
590,590.0,van riper van paul,paul,van riper,van,4Vj8J8GHKQv7
591,591.0,mcneill k. dan,dan,mcneill,k,7QfVRikYGH5N
592,592.0,mcpeak a. merrill,merrill,mcpeak,a,4KtS6uZ65brw
593,593.0,mears h. gary,gary,mears,h,7BEypo8CGqXG
594,594.0,melcher f. david,david,melcher,f,6bmLGmhCR55a
595,595.0,menoher e. paul,paul,menoher,e,4J8PeNAjJTAw
596,596.0,metz f. tom,tom,metz,f,8Pf5ZrDPNUxV
597,597.0,metzger w. james,james,metzger,w,4PAfpbKq58Vw
598,598.0,mies richard,richard,mies,,69oqMerdrpsm
599,599.0,miller e. john,john,miller,e,mCiB8n9QDajk
600,600.0,mobley s. joseph,joseph,mobley,s,3CcDPwmDLvT6
601,601.0,rutherford r. jerry,jerry,rutherford,r,4qpou5pwuCaX
602,602.0,moorhead ii w glen,glen,moorhead ii,w,rzMUrmaqj5ZF
603,603.0,myers t. john,john,myers,t,786yKi3TSVVF
604,604.0,myers b richard,richard,myers,b,5BA2cz8Do8p6
605,605.0,nanos p. george,george,nanos,p,5Qc7a9oVAHbU
606,606.0,nathman b. john,john,nathman,b,3hbeeKUkCx3g
607,607.0,natter j. robert,robert,natter,j,3LuXcmh48u4B
608,608.0,nelson a. r.,r.,nelson,a,FVrcG5tCAfaN
609,609.0,"nichols, jr. c. david",david,"nichols, jr.",c,uVDiWBveX8QY
610,610.0,noah max,max,noah,,7iB2m63vGqrm
611,611.0,noonan w. robert,robert,noonan,w,8NL8pRYvP69V
612,612.0,hughey gary,gary,hughey,,7DeSqJrfJkiS
613,613.0,oster w. jeffrey,jeffrey,oster,w,3gGer7H5uoPA
614,614.0,otjen p. john,john,otjen,p,3fqgUpsxjyJQ
615,615.0,otstott carles,carles,otstott,,7RcwSjFzYrQs
616,616.0,pilling l. donald,donald,pilling,l,3zqNXawUzBf3
617,617.0,pratt h. everett,everett,pratt,h,3TfdorKeA7Gu
618,618.0,prueher w. joseph,joseph,prueher,w,5V7Ms8bfHUgR
619,619.0,raduege harry,harry,raduege,,5rv8CpbjSa8t
620,620.0,ralston w joseph,joseph,ralston,w,77qdqSSS2HBX
621,621.0,ray w norman,norman,ray,w,4iUBwRFmshPK
622,622.0,riggs m. john,john,riggs,m,4brykzkrG6jv
623,623.0,yeosock j. john,john,yeosock,j,4nDdLmwsFGnR
624,624.0,riley c. james,james,riley,c,3hM8eesv5FFq
625,625.0,riscassi w. robert,robert,riscassi,w,8BiRHqZx6Vq5
626,626.0,rives l jack,jack,rives,l,3nHdEC3JjeQg
627,627.0,roadman h charles,charles,roadman,h,7E7bJrxHf2bn
628,628.0,robinson b. david,david,robinson,b,6YhsWoxHEmF2
629,629.0,rochelle d. michael,michael,rochelle,d,6HhJLdFgdxEc
630,630.0,rodgers d. thurman,thurman,rodgers,d,3m4YQMW2s4r9
631,631.0,ross d. jimmy,jimmy,ross,d,4znDcUbvb9X3
632,632.0,route a. ronald,ronald,route,a,6wdp2YeQ5NqH
633,633.0,russ d robert,robert,russ,d,4LtRzkBSgrVJ
634,634.0,jones l. james,james,jones,l,87aNxShV6QSq
635,635.0,sams f ronald,ronald,sams,f,3fxxZ96c4Daz
636,636.0,"sams, jr b john",john,"sams, jr",b,4tw4MsW6QZ5u
637,637.0,schmidt m randall,randall,schmidt,m,E22Z34noAUYS
638,638.0,schroeder r. daniel,daniel,schroeder,r,63933r9y4Xq7
639,639.0,scofield m richard,richard,scofield,m,8KbvT9hGhD2T
640,640.0,seip r. norman,norman,seip,r,itFAoXPMbUhQ
641,641.0,sheehan j. john,john,sheehan,j,66V8eTq4cupA
642,642.0,sherrard iii e james,james,sherrard iii,e,t3nvCZetKPoF
643,643.0,short e. alonzo,alonzo,short,e,6rT9t3qugTtS
644,644.0,short c michael,michael,short,c,64hEoHUYC3Vw
645,645.0,meigs c. montgomery,montgomery,meigs,c,rXwgwMy3NZcY
646,646.0,shultz c roger,roger,shultz,c,3YnqrgrgcyX5
647,647.0,smith d. william,william,smith,d,5cToyox33yxe
648,648.0,smith l lance,lance,smith,l,3wewYr9g7YTL
649,649.0,soligan n james,james,soligan,n,QvtmVKfdNVFR
650,650.0,speakes m. stephen,stephen,speakes,m,79vrnbqwuqSs
651,651.0,speer d. gary,gary,speer,d,85Gf9iStJqUg
652,652.0,spigelmire mike,mike,spigelmire,,46YoSngVzHY6
653,653.0,steele martin,martin,steele,,6mbigyhvz3HX
654,654.0,steele m. william,william,steele,m,7xKc2aqThyc2
655,655.0,stiner w. carl,carl,stiner,w,54khHVEotTAU
656,656.0,stein e. paul,paul,stein,e,tf3BFs2KSBd6
657,657.0,stotser r. george,george,stotser,r,nkiXN9hRKVcx
658,658.0,sullivan d. william,william,sullivan,d,6HMmLpwJDTL2
659,659.0,sylvester b. john,john,sylvester,b,5YSZbpW5uDiP
660,660.0,szemborski r. stanley,stanley,szemborski,r,6seEW92nZH7L
661,661.0,taylor g. horace,horace,taylor,g,5WoDAWcszA2A
662,662.0,taylor p george,george,taylor,p,3YwHZEzadwPN
663,663.0,temple r. herbert,herbert,temple,r,6tNePJniCg2o
664,664.0,tenoso e edwin,edwin,tenoso,e,4XXPKe5LGJ2R
665,665.0,thompson e. james,james,thompson,e,6TAWXsqrHDtZ
666,666.0,thompson n. ross,n. ross,thompson,,82zwjfJh4zsX
667,667.0,owens c. ira,ira,owens,c,3rrTJEvKFuJh
668,668.0,"ryan, jr. j. martin",martin,"ryan, jr.",j,7rarF9fFhc5e
669,669.0,"thompson, jr. w. dale",dale,"thompson, jr.",w,6YS9oZVW5TvT
670,670.0,tracey a. patricia,patricia,tracey,a,7PDjtiYjQkk2
671,671.0,trapp lansford,lansford,trapp,,5YTCMSPXRrNP
672,672.0,trask b charles,charles,trask,b,3NFoxpNJoKHx
673,673.0,trexler r garry,garry,trexler,r,77uznFvtyGfS
674,674.0,trzaskoma j. richard,richard,trzaskoma,j,42aX6adPQAC4
675,675.0,turner r. thomas,thomas,turner,r,6o8Hcg7S7Msd
676,676.0,tuttle william,william,tuttle,,3B2SPim9X3AD
677,677.0,ulrich iii g. harry,harry,ulrich iii,g,4pYh8enKZr7H
678,678.0,utterback s lloyd (chip),lloyd (chip),utterback,s,7ebGffd5qSji
679,679.0,record f james,james,record,f,5aeHAQXwkSt2
680,680.0,van alstyne a. john,john,van alstyne,a,RvLB8DTBm3uu
681,681.0,wagner w. robert,robert,wagner,w,5JyzZbHeRcsF
682,682.0,"walters, jr h tome",tome,"walters, jr",h,N4VVv4K7aU2G
683,683.0,waskow c thomas,thomas,waskow,c,5abJCheE9Jn9
684,684.0,weber joseph,joseph,weber,,7ZmgHVTEkXLe
685,685.0,wehrle joseph,joseph,wehrle,,86UP4CBcHREW
686,686.0,williams d. joseph,joseph,williams,d,774LJxzKd3Wo
687,687.0,wilson robert,robert,wilson,,4z6PxgJrUcJe
688,688.0,wishart len,len,wishart,,5Kqa3mBnfMgq
689,689.0,wood r. john,john,wood,r,3GFmRn4gyeND
690,690.0,redd s. john,john,redd,s,656qf6dQ4QFk
691,691.0,woodall d. jack,jack,woodall,d,7EGqgcq2LDFy
692,692.0,wooley w michael,michael,wooley,w,5TcNn5Xnvqr6
693,693.0,yakovac joseph,joseph,yakovac,,5sXP2MRVmPP4
694,694.0,burpee a richard,richard,burpee,a,39k3H9W9H52z
695,695.0,burshnick j anthony,anthony,burshnick,j,7CMpKLMM5aPd
696,696.0,cassity s james,james,cassity,s,wuAwiKvCP2Uw
697,697.0,goodall a. harry,harry,goodall,a,5uKpuTFLe6bw
698,698.0,hamm r. charles,charles,hamm,r,5rzG34TxQyjb
699,699.0,edward heinz,heinz,edward,,YfjUCX4ZPxFi
700,700.0,herres t robert,robert,herres,t,5DjdFP54WoVs
701,701.0,lindsay j. james,james,lindsay,j,3Fr8m2KqWeJM
702,702.0,kondra vernon,vernon,kondra,,4wbh9dNJBvWV
703,703.0,ludwig h robert,robert,ludwig,h,6BYQVV9TbjZC
704,704.0,charles may,charles,may,a,6pgqC9dq2rTY
705,705.0,mccausland charles,charles,mccausland,,3UdQNRYEwQ3S
706,706.0,mccoy robert,robert,mccoy,,irHGTG9rSTi9
707,707.0,miller b monte,monte,miller,b,3d5rJrWmQ2KY
708,708.0,monahan l george,george,monahan,l,7iT5fuwgbXVN
709,709.0,rees h clifford,clifford,rees,h,4KRUuAgM3Eio
710,710.0,rogers craven,craven,rogers,,4Gv8XLPPNcpc
711,711.0,"shuber eg ""buck""","eg ""buck""",shuber,,5RZbx67MVd3e
712,712.0,polk r. stephen,stephen,polk,r,7XrKPfBMpyNi
713,713.0,smith carl,carl,smith,,7wyJwmzYzKoF
714,714.0,smith w leo,leo,smith,w,7TXeH4FmsjTb
715,715.0,snyder donald,donald,snyder,,4VVLtfXRdMNe
716,716.0,teal j david,david,teal,j,4VJkEbUWkPdp
717,717.0,wood c. norman,c. norman,wood,,6tjvMrKgpqSJ
718,718.0,mccorkle frederick,frederick,mccorkle,,8E7vCVnTpYKi
719,719.0,ryan e michael,michael,ryan,e,79PpYUZ67m6t
720,720.0,williams j. michael,michael,williams,j,GfMewvMgSAjH
721,721.0,robertson t charles,charles,robertson,t,4Yn7GDV2fYyV
722,722.0,saint e. crosbie,crosbie,saint,e,7zar6g7NujTU
723,723.0,pace peter,peter,pace,,5d2qDPaxVzV3
724,724.0,laplante b. john,john,laplante,b,4sc2K7BTL2pw
725,725.0,bath j. ronald,ronald,bath,j,4s8fwFB6TdLq
726,726.0,scales  robert,robert,scales,,3P82QtsSpYpC
727,727.0,weaver a. paul,paul,weaver,a,6vHsJz4XYqZT
728,728.0,giardina  thomas,thomas,giardina,,7ewK4DbU62bz
729,729.0,soderberg  paul,paul,soderberg,,7sYwD7PrAnUg
730,730.0,richardson  william,william,richardson,,4oNYwMz6z5kK
731,731.0,sennewald  robert,robert,sennewald,,5o3oshmi2es2
732,732.0,marquez  leo,leo,marquez,,5fWPjsVJ9W9P
733,733.0,montgomery m. thomas,thomas,montgomery,m,5HTTYHCayqdV
734,734.0,laporte j. leon,leon,laporte,j,68nqTYq7agi9
735,735.0,mallory c. glynn,glynn,mallory,c,49CWEjc9UZPx
736,736.0,tuttle o. jerry,jerry,tuttle,o,4JkdhkxmQ4Na
737,737.0,santarelli d eugene,eugene,santarelli,d,3cJbC7qLqFgB
738,738.0,vines r. john,john,vines,r,7ztJB7USPS4F
739,739.0,jaco t. neal,neal,jaco,t,rVnLjAxs32ee
740,740.0,shalikashvili m. john,john,shalikashvili,m,6Hhkx39d2fUD
741,741.0,minihan a kenneth,kenneth,minihan,a,knWyBFVnnxqx
742,742.0,soyster e. harry,harry,soyster,e,78sYxfhNDw38
743,743.0,mccall f. james,james,mccall,f,5k698pdaKgZc
744,744.0,sullivan r. gordon,gordon,sullivan,r,4q2qQgDqDJPC
745,745.0,barbara fast,fast,barbara ,,8Mv9k2U42akc
746,746.0,michael vane,vane,michael,,Yv2WtENcjpaH
747,747.0,charles cartwright,charles,catwright,,4W7FNubytYET
748,748.0,paul j. kearn,paul,kearn,j,7YhH938cSU8g
749,749.0,larson r. charles,charles,larson,r,uEkQKWaJYGx6
750,750.0,mauz h. henry,henry,mauz,h,7nLDz7Q8M4zq
751,751.0,"moorman, jr. s. thomas",thomas,"moorman, jr.",s,irMXk7VPUHPD
752,752.0,trost carlisle,carlisle,trost,,58cK6EKUEqY7
753,753.0,shelton h. henry,henry,shelton,h,4LhKHsf7Hk8F
754,754.0,obering iii a henry,henry,obering iii,a,5hgmgwZZjov2
755,755.0,muellner k george,george,muellner,k,4DCs8a7xB4V9
756,756.0,johnson ii l charles,charles,johnson ii,l,3W7BVWQ2XjUm
757,757.0,jones r. anthony,anthony,jones,r,6dgpAM3jQMRP
758,758.0,kevin hewitt,kevin,hewitt,,6nnbpaFs4CEh
759,759.0,mark mccall,mark,mccall,,67kepzLG9Eyr
760,760.0,jeff tarakajian,jeff,tarakajian,,4SfcLXPkp52f
761,761.0,fassika bellette,fassika,bellette,,A6XETB9ChJNW
762,762.0,fanta taye,fanta,taye,,5GL5RZsZsdfZ
763,763.0,michael w. blair,michael,blair,w,3RgdrKFubwKN
764,764.0,michael b. mukasey,michael,mukasey,b. ,4rejUJtMjUgF
765,765.0,david w. rivkin,david,rivkin,w. ,4YLhmxzXiYrK
766,766.0,bruce e. yannett,bruce,yannett,e,3Lz9mHG2Gs4a
767,767.0,paul s. bird,paul,bird,s. ,4JMDFgtjkmtK
768,768.0,peter j. loughran,peter,loughran,j. ,7DDx9mPh5Gxj
769,769.0,maeve o'connor,maeve,o'connor,,9dL8Mmp63BrA
770,770.0,richard ward,richard,ward,,4uJzb787ozz7
771,771.0,sean hecker,sean,hecker,,44TfoVAPtQuu
772,772.0,matthew c. rhoades,matthew,rhoades,c,4GqvvgAvQwRS
773,773.0,joseph s. pounder,joseph,pounder,s,ReqFP97SMsdG
774,774.0,brian j. rogers,brian,rogers,j,88tnbQZTZKEo
775,775.0,lanny j. davis,lanny,david,j,7QmABdYJZUuB
776,776.0,adam w. goldberg,adam,goldberg,w,HZzDmhykVWLx
777,777.0,joshua p. galper,joshua,galper,p. ,552KNmxigsQo
778,778.0,eleanor s. mcmanus,eleanor,mcmanus,s. ,5aXD9zpG6zwq
779,779.0,lydia borand,bordan,lydia,,5j6A5SxZy3uE
780,780.0,john mcgregor,mcgregor,john,,4xbK8CMdNcDr
781,781.0,basan barabandi,barabandi,basan,,5aN7gPjNk2U7
782,782.0,richard gephardt,gephardt,richard,a,5EyXYDm8BSzy
783,783.0,thomas o' donnell,o'donnell,thomas,j. ,7XcPTtT6YhV9
784,784.0,michael messmer,messmer,michael,,322yUQzzP6td
785,785.0,matthew gephardt,gephardt,matthew,,7J2r2EDGiYjK
786,786.0,christine gephardt,gephardt,christine,,6eDSHrH534ej
787,787.0,sharon daniels,daniels,sharon,,5Va8zwFTh6mk
788,788.0,ricardo gonzalo,gonzalo,ricardo,,aHdRFZgyxGcZ
789,789.0,catherine goode,goode,catherine,ann,4gNAevwgfRbq
790,790.0,janice o'connell,o'connell,janice,,sB93GBABbdDZ
791,791.0,david mercer,mercer,david,,4XVZWfrXRp2M
792,792.0,brian forni,forni,brian,,5Rfc9vtxyXak
793,793.0,catherine perkinson,perkinson,catherine,ann,3F76zibqH3Bn
794,794.0,ruth thomas,thomas,ruth,m,oqFHNsgXmfFd
795,795.0,tom blank,blank,tom,,5XKbbTYfRvVe
796,796.0,riad fareed alhijab alhasa,alhijab alhasa,riad,f,4VWptKw8Z6ab
797,797.0,ayman asfari,asfari,ayman ,,6zUkG9PyQuzM
798,798.0,michael polt,polt,michael,,7JLAJ9bngxMX
799,799.0,christine rake,rake,christine,,7wLyVWmPAS8q
800,800.0,qubad talabany,talabany,qubad,j. ,3mc4MFwm4KQP
801,801.0,tom squituri,squituri,tom,,4pPjh7Eu9pSj
